{
    "scan_info": {
        "image": "python:3.9-slim",
        "dockerfile": ".\\testfiles\\1\\Dockerfile",
        "scan_time": "2025-03-01 22:42:09"
    },
    "vulnerabilities": [
        {
            "VulnerabilityID": "CVE-2011-3374",
            "Target": "python:3.9-slim (debian 12.9)",
            "PkgName": "apt",
            "InstalledVersion": "2.6.1",
            "Severity": "LOW",
            "Title": "It was found that apt-key in apt, all versions, do not correctly valid ...",
            "Description": "It was found that apt-key in apt, all versions, do not correctly validate gpg keys with the master keyring, leading to a potential man-in-the-middle a...",
            "Status": "affected",
            "CVSS": 3.7,
            "PrimaryURL": "https://avd.aquasec.com/nvd/cve-2011-3374"
        },
        {
            "VulnerabilityID": "TEMP-0841856-B18BAF",
            "Target": "python:3.9-slim (debian 12.9)",
            "PkgName": "bash",
            "InstalledVersion": "5.2.15-2+b7",
            "Severity": "LOW",
            "Title": "[Privilege escalation possible to other user than root]",
            "Description": "",
            "Status": "affected",
            "CVSS": null,
            "PrimaryURL": "https://security-tracker.debian.org/tracker/TEMP-0841856-B18BAF"
        },
        {
            "VulnerabilityID": "CVE-2022-0563",
            "Target": "python:3.9-slim (debian 12.9)",
            "PkgName": "bsdutils",
            "InstalledVersion": "1:2.38.1-5+deb12u3",
            "Severity": "LOW",
            "Title": "util-linux: partial disclosure of arbitrary files in chfn and chsh when compiled with libreadline",
            "Description": "A flaw was found in the util-linux chfn and chsh utilities when compiled with Readline support. The Readline library uses an \"INPUTRC\" environment var...",
            "Status": "affected",
            "CVSS": 5.5,
            "PrimaryURL": "https://avd.aquasec.com/nvd/cve-2022-0563"
        },
        {
            "VulnerabilityID": "CVE-2016-2781",
            "Target": "python:3.9-slim (debian 12.9)",
            "PkgName": "coreutils",
            "InstalledVersion": "9.1-1",
            "Severity": "LOW",
            "Title": "coreutils: Non-privileged session can escape to the parent session in chroot",
            "Description": "chroot in GNU coreutils, when used with --userspec, allows local users to escape to the parent session via a crafted TIOCSTI ioctl call, which pushes ...",
            "Status": "will_not_fix",
            "CVSS": 6.5,
            "PrimaryURL": "https://avd.aquasec.com/nvd/cve-2016-2781"
        },
        {
            "VulnerabilityID": "CVE-2017-18018",
            "Target": "python:3.9-slim (debian 12.9)",
            "PkgName": "coreutils",
            "InstalledVersion": "9.1-1",
            "Severity": "LOW",
            "Title": "coreutils: race condition vulnerability in chown and chgrp",
            "Description": "In GNU Coreutils through 8.29, chown-core.c in chown and chgrp does not prevent replacement of a plain file with a symlink during use of the POSIX \"-R...",
            "Status": "affected",
            "CVSS": 4.7,
            "PrimaryURL": "https://avd.aquasec.com/nvd/cve-2017-18018"
        },
        {
            "VulnerabilityID": "CVE-2022-27943",
            "Target": "python:3.9-slim (debian 12.9)",
            "PkgName": "gcc-12-base",
            "InstalledVersion": "12.2.0-14",
            "Severity": "LOW",
            "Title": "binutils: libiberty/rust-demangle.c in GNU GCC 11.2 allows stack exhaustion in demangle_const",
            "Description": "libiberty/rust-demangle.c in GNU GCC 11.2 allows stack consumption in demangle_const, as demonstrated by nm-new.",
            "Status": "affected",
            "CVSS": 5.5,
            "PrimaryURL": "https://avd.aquasec.com/nvd/cve-2022-27943"
        },
        {
            "VulnerabilityID": "CVE-2023-4039",
            "Target": "python:3.9-slim (debian 12.9)",
            "PkgName": "gcc-12-base",
            "InstalledVersion": "12.2.0-14",
            "Severity": "LOW",
            "Title": "gcc: -fstack-protector fails to guard dynamic stack allocations on ARM64",
            "Description": "**DISPUTED**A failure in the -fstack-protector feature in GCC-based toolchains \nthat target AArch64 allows an attacker to exploit an existing buffer \n...",
            "Status": "affected",
            "CVSS": 4.8,
            "PrimaryURL": "https://avd.aquasec.com/nvd/cve-2023-4039"
        },
        {
            "VulnerabilityID": "CVE-2022-3219",
            "Target": "python:3.9-slim (debian 12.9)",
            "PkgName": "gpgv",
            "InstalledVersion": "2.2.40-1.1",
            "Severity": "LOW",
            "Title": "gnupg: denial of service issue (resource consumption) using compressed packets",
            "Description": "GnuPG can be made to spin on a relatively small input by (for example) crafting a public key with thousands of signatures attached, compressed down to...",
            "Status": "affected",
            "CVSS": 3.3,
            "PrimaryURL": "https://avd.aquasec.com/nvd/cve-2022-3219"
        },
        {
            "VulnerabilityID": "CVE-2011-3374",
            "Target": "python:3.9-slim (debian 12.9)",
            "PkgName": "libapt-pkg6.0",
            "InstalledVersion": "2.6.1",
            "Severity": "LOW",
            "Title": "It was found that apt-key in apt, all versions, do not correctly valid ...",
            "Description": "It was found that apt-key in apt, all versions, do not correctly validate gpg keys with the master keyring, leading to a potential man-in-the-middle a...",
            "Status": "affected",
            "CVSS": 3.7,
            "PrimaryURL": "https://avd.aquasec.com/nvd/cve-2011-3374"
        },
        {
            "VulnerabilityID": "CVE-2022-0563",
            "Target": "python:3.9-slim (debian 12.9)",
            "PkgName": "libblkid1",
            "InstalledVersion": "2.38.1-5+deb12u3",
            "Severity": "LOW",
            "Title": "util-linux: partial disclosure of arbitrary files in chfn and chsh when compiled with libreadline",
            "Description": "A flaw was found in the util-linux chfn and chsh utilities when compiled with Readline support. The Readline library uses an \"INPUTRC\" environment var...",
            "Status": "affected",
            "CVSS": 5.5,
            "PrimaryURL": "https://avd.aquasec.com/nvd/cve-2022-0563"
        },
        {
            "VulnerabilityID": "CVE-2010-4756",
            "Target": "python:3.9-slim (debian 12.9)",
            "PkgName": "libc-bin",
            "InstalledVersion": "2.36-9+deb12u9",
            "Severity": "LOW",
            "Title": "glibc: glob implementation can cause excessive CPU and memory consumption due to crafted glob expressions",
            "Description": "The glob implementation in the GNU C Library (aka glibc or libc6) allows remote authenticated users to cause a denial of service (CPU and memory consu...",
            "Status": "affected",
            "CVSS": null,
            "PrimaryURL": "https://avd.aquasec.com/nvd/cve-2010-4756"
        },
        {
            "VulnerabilityID": "CVE-2018-20796",
            "Target": "python:3.9-slim (debian 12.9)",
            "PkgName": "libc-bin",
            "InstalledVersion": "2.36-9+deb12u9",
            "Severity": "LOW",
            "Title": "glibc: uncontrolled recursion in function check_dst_limits_calc_pos_1 in posix/regexec.c",
            "Description": "In the GNU C Library (aka glibc or libc6) through 2.29, check_dst_limits_calc_pos_1 in posix/regexec.c has Uncontrolled Recursion, as demonstrated by ...",
            "Status": "affected",
            "CVSS": 7.5,
            "PrimaryURL": "https://avd.aquasec.com/nvd/cve-2018-20796"
        },
        {
            "VulnerabilityID": "CVE-2019-1010022",
            "Target": "python:3.9-slim (debian 12.9)",
            "PkgName": "libc-bin",
            "InstalledVersion": "2.36-9+deb12u9",
            "Severity": "LOW",
            "Title": "glibc: stack guard protection bypass",
            "Description": "GNU Libc current is affected by: Mitigation bypass. The impact is: Attacker may bypass stack guard protection. The component is: nptl. The attack vect...",
            "Status": "affected",
            "CVSS": 9.8,
            "PrimaryURL": "https://avd.aquasec.com/nvd/cve-2019-1010022"
        },
        {
            "VulnerabilityID": "CVE-2019-1010023",
            "Target": "python:3.9-slim (debian 12.9)",
            "PkgName": "libc-bin",
            "InstalledVersion": "2.36-9+deb12u9",
            "Severity": "LOW",
            "Title": "glibc: running ldd on malicious ELF leads to code execution because of wrong size computation",
            "Description": "GNU Libc current is affected by: Re-mapping current loaded library with malicious ELF file. The impact is: In worst case attacker may evaluate privile...",
            "Status": "affected",
            "CVSS": 8.8,
            "PrimaryURL": "https://avd.aquasec.com/nvd/cve-2019-1010023"
        },
        {
            "VulnerabilityID": "CVE-2019-1010024",
            "Target": "python:3.9-slim (debian 12.9)",
            "PkgName": "libc-bin",
            "InstalledVersion": "2.36-9+deb12u9",
            "Severity": "LOW",
            "Title": "glibc: ASLR bypass using cache of thread stack and heap",
            "Description": "GNU Libc current is affected by: Mitigation bypass. The impact is: Attacker may bypass ASLR using cache of thread stack and heap. The component is: gl...",
            "Status": "affected",
            "CVSS": 5.3,
            "PrimaryURL": "https://avd.aquasec.com/nvd/cve-2019-1010024"
        },
        {
            "VulnerabilityID": "CVE-2019-1010025",
            "Target": "python:3.9-slim (debian 12.9)",
            "PkgName": "libc-bin",
            "InstalledVersion": "2.36-9+deb12u9",
            "Severity": "LOW",
            "Title": "glibc: information disclosure of heap addresses of pthread_created thread",
            "Description": "GNU Libc current is affected by: Mitigation bypass. The impact is: Attacker may guess the heap addresses of pthread_created thread. The component is: ...",
            "Status": "affected",
            "CVSS": 5.3,
            "PrimaryURL": "https://avd.aquasec.com/nvd/cve-2019-1010025"
        },
        {
            "VulnerabilityID": "CVE-2019-9192",
            "Target": "python:3.9-slim (debian 12.9)",
            "PkgName": "libc-bin",
            "InstalledVersion": "2.36-9+deb12u9",
            "Severity": "LOW",
            "Title": "glibc: uncontrolled recursion in function check_dst_limits_calc_pos_1 in posix/regexec.c",
            "Description": "In the GNU C Library (aka glibc or libc6) through 2.29, check_dst_limits_calc_pos_1 in posix/regexec.c has Uncontrolled Recursion, as demonstrated by ...",
            "Status": "affected",
            "CVSS": 7.5,
            "PrimaryURL": "https://avd.aquasec.com/nvd/cve-2019-9192"
        },
        {
            "VulnerabilityID": "CVE-2010-4756",
            "Target": "python:3.9-slim (debian 12.9)",
            "PkgName": "libc6",
            "InstalledVersion": "2.36-9+deb12u9",
            "Severity": "LOW",
            "Title": "glibc: glob implementation can cause excessive CPU and memory consumption due to crafted glob expressions",
            "Description": "The glob implementation in the GNU C Library (aka glibc or libc6) allows remote authenticated users to cause a denial of service (CPU and memory consu...",
            "Status": "affected",
            "CVSS": null,
            "PrimaryURL": "https://avd.aquasec.com/nvd/cve-2010-4756"
        },
        {
            "VulnerabilityID": "CVE-2018-20796",
            "Target": "python:3.9-slim (debian 12.9)",
            "PkgName": "libc6",
            "InstalledVersion": "2.36-9+deb12u9",
            "Severity": "LOW",
            "Title": "glibc: uncontrolled recursion in function check_dst_limits_calc_pos_1 in posix/regexec.c",
            "Description": "In the GNU C Library (aka glibc or libc6) through 2.29, check_dst_limits_calc_pos_1 in posix/regexec.c has Uncontrolled Recursion, as demonstrated by ...",
            "Status": "affected",
            "CVSS": 7.5,
            "PrimaryURL": "https://avd.aquasec.com/nvd/cve-2018-20796"
        },
        {
            "VulnerabilityID": "CVE-2019-1010022",
            "Target": "python:3.9-slim (debian 12.9)",
            "PkgName": "libc6",
            "InstalledVersion": "2.36-9+deb12u9",
            "Severity": "LOW",
            "Title": "glibc: stack guard protection bypass",
            "Description": "GNU Libc current is affected by: Mitigation bypass. The impact is: Attacker may bypass stack guard protection. The component is: nptl. The attack vect...",
            "Status": "affected",
            "CVSS": 9.8,
            "PrimaryURL": "https://avd.aquasec.com/nvd/cve-2019-1010022"
        },
        {
            "VulnerabilityID": "CVE-2019-1010023",
            "Target": "python:3.9-slim (debian 12.9)",
            "PkgName": "libc6",
            "InstalledVersion": "2.36-9+deb12u9",
            "Severity": "LOW",
            "Title": "glibc: running ldd on malicious ELF leads to code execution because of wrong size computation",
            "Description": "GNU Libc current is affected by: Re-mapping current loaded library with malicious ELF file. The impact is: In worst case attacker may evaluate privile...",
            "Status": "affected",
            "CVSS": 8.8,
            "PrimaryURL": "https://avd.aquasec.com/nvd/cve-2019-1010023"
        },
        {
            "VulnerabilityID": "CVE-2019-1010024",
            "Target": "python:3.9-slim (debian 12.9)",
            "PkgName": "libc6",
            "InstalledVersion": "2.36-9+deb12u9",
            "Severity": "LOW",
            "Title": "glibc: ASLR bypass using cache of thread stack and heap",
            "Description": "GNU Libc current is affected by: Mitigation bypass. The impact is: Attacker may bypass ASLR using cache of thread stack and heap. The component is: gl...",
            "Status": "affected",
            "CVSS": 5.3,
            "PrimaryURL": "https://avd.aquasec.com/nvd/cve-2019-1010024"
        },
        {
            "VulnerabilityID": "CVE-2019-1010025",
            "Target": "python:3.9-slim (debian 12.9)",
            "PkgName": "libc6",
            "InstalledVersion": "2.36-9+deb12u9",
            "Severity": "LOW",
            "Title": "glibc: information disclosure of heap addresses of pthread_created thread",
            "Description": "GNU Libc current is affected by: Mitigation bypass. The impact is: Attacker may guess the heap addresses of pthread_created thread. The component is: ...",
            "Status": "affected",
            "CVSS": 5.3,
            "PrimaryURL": "https://avd.aquasec.com/nvd/cve-2019-1010025"
        },
        {
            "VulnerabilityID": "CVE-2019-9192",
            "Target": "python:3.9-slim (debian 12.9)",
            "PkgName": "libc6",
            "InstalledVersion": "2.36-9+deb12u9",
            "Severity": "LOW",
            "Title": "glibc: uncontrolled recursion in function check_dst_limits_calc_pos_1 in posix/regexec.c",
            "Description": "In the GNU C Library (aka glibc or libc6) through 2.29, check_dst_limits_calc_pos_1 in posix/regexec.c has Uncontrolled Recursion, as demonstrated by ...",
            "Status": "affected",
            "CVSS": 7.5,
            "PrimaryURL": "https://avd.aquasec.com/nvd/cve-2019-9192"
        },
        {
            "VulnerabilityID": "CVE-2022-27943",
            "Target": "python:3.9-slim (debian 12.9)",
            "PkgName": "libgcc-s1",
            "InstalledVersion": "12.2.0-14",
            "Severity": "LOW",
            "Title": "binutils: libiberty/rust-demangle.c in GNU GCC 11.2 allows stack exhaustion in demangle_const",
            "Description": "libiberty/rust-demangle.c in GNU GCC 11.2 allows stack consumption in demangle_const, as demonstrated by nm-new.",
            "Status": "affected",
            "CVSS": 5.5,
            "PrimaryURL": "https://avd.aquasec.com/nvd/cve-2022-27943"
        },
        {
            "VulnerabilityID": "CVE-2023-4039",
            "Target": "python:3.9-slim (debian 12.9)",
            "PkgName": "libgcc-s1",
            "InstalledVersion": "12.2.0-14",
            "Severity": "LOW",
            "Title": "gcc: -fstack-protector fails to guard dynamic stack allocations on ARM64",
            "Description": "**DISPUTED**A failure in the -fstack-protector feature in GCC-based toolchains \nthat target AArch64 allows an attacker to exploit an existing buffer \n...",
            "Status": "affected",
            "CVSS": 4.8,
            "PrimaryURL": "https://avd.aquasec.com/nvd/cve-2023-4039"
        },
        {
            "VulnerabilityID": "CVE-2018-6829",
            "Target": "python:3.9-slim (debian 12.9)",
            "PkgName": "libgcrypt20",
            "InstalledVersion": "1.10.1-3",
            "Severity": "LOW",
            "Title": "libgcrypt: ElGamal implementation doesn't have semantic security due to incorrectly encoded plaintexts possibly allowing to obtain sensitive information",
            "Description": "cipher/elgamal.c in Libgcrypt through 1.8.2, when used to encrypt messages directly, improperly encodes plaintexts, which allows attackers to obtain s...",
            "Status": "affected",
            "CVSS": 7.5,
            "PrimaryURL": "https://avd.aquasec.com/nvd/cve-2018-6829"
        },
        {
            "VulnerabilityID": "CVE-2011-3389",
            "Target": "python:3.9-slim (debian 12.9)",
            "PkgName": "libgnutls30",
            "InstalledVersion": "3.7.9-2+deb12u3",
            "Severity": "LOW",
            "Title": "HTTPS: block-wise chosen-plaintext attack against SSL/TLS (BEAST)",
            "Description": "The SSL protocol, as used in certain configurations in Microsoft Windows and Microsoft Internet Explorer, Mozilla Firefox, Google Chrome, Opera, and o...",
            "Status": "affected",
            "CVSS": null,
            "PrimaryURL": "https://avd.aquasec.com/nvd/cve-2011-3389"
        },
        {
            "VulnerabilityID": "CVE-2018-5709",
            "Target": "python:3.9-slim (debian 12.9)",
            "PkgName": "libgssapi-krb5-2",
            "InstalledVersion": "1.20.1-2+deb12u2",
            "Severity": "LOW",
            "Title": "krb5: integer overflow in dbentry->n_key_data in kadmin/dbutil/dump.c",
            "Description": "An issue was discovered in MIT Kerberos 5 (aka krb5) through 1.16. There is a variable \"dbentry->n_key_data\" in kadmin/dbutil/dump.c that can store 16...",
            "Status": "affected",
            "CVSS": 7.5,
            "PrimaryURL": "https://avd.aquasec.com/nvd/cve-2018-5709"
        },
        {
            "VulnerabilityID": "CVE-2024-26458",
            "Target": "python:3.9-slim (debian 12.9)",
            "PkgName": "libgssapi-krb5-2",
            "InstalledVersion": "1.20.1-2+deb12u2",
            "Severity": "LOW",
            "Title": "krb5: Memory leak at /krb5/src/lib/rpc/pmap_rmt.c",
            "Description": "Kerberos 5 (aka krb5) 1.21.2 contains a memory leak in /krb5/src/lib/rpc/pmap_rmt.c.",
            "Status": "affected",
            "CVSS": null,
            "PrimaryURL": "https://avd.aquasec.com/nvd/cve-2024-26458"
        },
        {
            "VulnerabilityID": "CVE-2024-26461",
            "Target": "python:3.9-slim (debian 12.9)",
            "PkgName": "libgssapi-krb5-2",
            "InstalledVersion": "1.20.1-2+deb12u2",
            "Severity": "LOW",
            "Title": "krb5: Memory leak at /krb5/src/lib/gssapi/krb5/k5sealv3.c",
            "Description": "Kerberos 5 (aka krb5) 1.21.2 contains a memory leak vulnerability in /krb5/src/lib/gssapi/krb5/k5sealv3.c.",
            "Status": "affected",
            "CVSS": null,
            "PrimaryURL": "https://avd.aquasec.com/nvd/cve-2024-26461"
        },
        {
            "VulnerabilityID": "CVE-2018-5709",
            "Target": "python:3.9-slim (debian 12.9)",
            "PkgName": "libk5crypto3",
            "InstalledVersion": "1.20.1-2+deb12u2",
            "Severity": "LOW",
            "Title": "krb5: integer overflow in dbentry->n_key_data in kadmin/dbutil/dump.c",
            "Description": "An issue was discovered in MIT Kerberos 5 (aka krb5) through 1.16. There is a variable \"dbentry->n_key_data\" in kadmin/dbutil/dump.c that can store 16...",
            "Status": "affected",
            "CVSS": 7.5,
            "PrimaryURL": "https://avd.aquasec.com/nvd/cve-2018-5709"
        },
        {
            "VulnerabilityID": "CVE-2024-26458",
            "Target": "python:3.9-slim (debian 12.9)",
            "PkgName": "libk5crypto3",
            "InstalledVersion": "1.20.1-2+deb12u2",
            "Severity": "LOW",
            "Title": "krb5: Memory leak at /krb5/src/lib/rpc/pmap_rmt.c",
            "Description": "Kerberos 5 (aka krb5) 1.21.2 contains a memory leak in /krb5/src/lib/rpc/pmap_rmt.c.",
            "Status": "affected",
            "CVSS": null,
            "PrimaryURL": "https://avd.aquasec.com/nvd/cve-2024-26458"
        },
        {
            "VulnerabilityID": "CVE-2024-26461",
            "Target": "python:3.9-slim (debian 12.9)",
            "PkgName": "libk5crypto3",
            "InstalledVersion": "1.20.1-2+deb12u2",
            "Severity": "LOW",
            "Title": "krb5: Memory leak at /krb5/src/lib/gssapi/krb5/k5sealv3.c",
            "Description": "Kerberos 5 (aka krb5) 1.21.2 contains a memory leak vulnerability in /krb5/src/lib/gssapi/krb5/k5sealv3.c.",
            "Status": "affected",
            "CVSS": null,
            "PrimaryURL": "https://avd.aquasec.com/nvd/cve-2024-26461"
        },
        {
            "VulnerabilityID": "CVE-2018-5709",
            "Target": "python:3.9-slim (debian 12.9)",
            "PkgName": "libkrb5-3",
            "InstalledVersion": "1.20.1-2+deb12u2",
            "Severity": "LOW",
            "Title": "krb5: integer overflow in dbentry->n_key_data in kadmin/dbutil/dump.c",
            "Description": "An issue was discovered in MIT Kerberos 5 (aka krb5) through 1.16. There is a variable \"dbentry->n_key_data\" in kadmin/dbutil/dump.c that can store 16...",
            "Status": "affected",
            "CVSS": 7.5,
            "PrimaryURL": "https://avd.aquasec.com/nvd/cve-2018-5709"
        },
        {
            "VulnerabilityID": "CVE-2024-26458",
            "Target": "python:3.9-slim (debian 12.9)",
            "PkgName": "libkrb5-3",
            "InstalledVersion": "1.20.1-2+deb12u2",
            "Severity": "LOW",
            "Title": "krb5: Memory leak at /krb5/src/lib/rpc/pmap_rmt.c",
            "Description": "Kerberos 5 (aka krb5) 1.21.2 contains a memory leak in /krb5/src/lib/rpc/pmap_rmt.c.",
            "Status": "affected",
            "CVSS": null,
            "PrimaryURL": "https://avd.aquasec.com/nvd/cve-2024-26458"
        },
        {
            "VulnerabilityID": "CVE-2024-26461",
            "Target": "python:3.9-slim (debian 12.9)",
            "PkgName": "libkrb5-3",
            "InstalledVersion": "1.20.1-2+deb12u2",
            "Severity": "LOW",
            "Title": "krb5: Memory leak at /krb5/src/lib/gssapi/krb5/k5sealv3.c",
            "Description": "Kerberos 5 (aka krb5) 1.21.2 contains a memory leak vulnerability in /krb5/src/lib/gssapi/krb5/k5sealv3.c.",
            "Status": "affected",
            "CVSS": null,
            "PrimaryURL": "https://avd.aquasec.com/nvd/cve-2024-26461"
        },
        {
            "VulnerabilityID": "CVE-2018-5709",
            "Target": "python:3.9-slim (debian 12.9)",
            "PkgName": "libkrb5support0",
            "InstalledVersion": "1.20.1-2+deb12u2",
            "Severity": "LOW",
            "Title": "krb5: integer overflow in dbentry->n_key_data in kadmin/dbutil/dump.c",
            "Description": "An issue was discovered in MIT Kerberos 5 (aka krb5) through 1.16. There is a variable \"dbentry->n_key_data\" in kadmin/dbutil/dump.c that can store 16...",
            "Status": "affected",
            "CVSS": 7.5,
            "PrimaryURL": "https://avd.aquasec.com/nvd/cve-2018-5709"
        },
        {
            "VulnerabilityID": "CVE-2024-26458",
            "Target": "python:3.9-slim (debian 12.9)",
            "PkgName": "libkrb5support0",
            "InstalledVersion": "1.20.1-2+deb12u2",
            "Severity": "LOW",
            "Title": "krb5: Memory leak at /krb5/src/lib/rpc/pmap_rmt.c",
            "Description": "Kerberos 5 (aka krb5) 1.21.2 contains a memory leak in /krb5/src/lib/rpc/pmap_rmt.c.",
            "Status": "affected",
            "CVSS": null,
            "PrimaryURL": "https://avd.aquasec.com/nvd/cve-2024-26458"
        },
        {
            "VulnerabilityID": "CVE-2024-26461",
            "Target": "python:3.9-slim (debian 12.9)",
            "PkgName": "libkrb5support0",
            "InstalledVersion": "1.20.1-2+deb12u2",
            "Severity": "LOW",
            "Title": "krb5: Memory leak at /krb5/src/lib/gssapi/krb5/k5sealv3.c",
            "Description": "Kerberos 5 (aka krb5) 1.21.2 contains a memory leak vulnerability in /krb5/src/lib/gssapi/krb5/k5sealv3.c.",
            "Status": "affected",
            "CVSS": null,
            "PrimaryURL": "https://avd.aquasec.com/nvd/cve-2024-26461"
        },
        {
            "VulnerabilityID": "CVE-2022-0563",
            "Target": "python:3.9-slim (debian 12.9)",
            "PkgName": "libmount1",
            "InstalledVersion": "2.38.1-5+deb12u3",
            "Severity": "LOW",
            "Title": "util-linux: partial disclosure of arbitrary files in chfn and chsh when compiled with libreadline",
            "Description": "A flaw was found in the util-linux chfn and chsh utilities when compiled with Readline support. The Readline library uses an \"INPUTRC\" environment var...",
            "Status": "affected",
            "CVSS": 5.5,
            "PrimaryURL": "https://avd.aquasec.com/nvd/cve-2022-0563"
        },
        {
            "VulnerabilityID": "CVE-2022-0563",
            "Target": "python:3.9-slim (debian 12.9)",
            "PkgName": "libsmartcols1",
            "InstalledVersion": "2.38.1-5+deb12u3",
            "Severity": "LOW",
            "Title": "util-linux: partial disclosure of arbitrary files in chfn and chsh when compiled with libreadline",
            "Description": "A flaw was found in the util-linux chfn and chsh utilities when compiled with Readline support. The Readline library uses an \"INPUTRC\" environment var...",
            "Status": "affected",
            "CVSS": 5.5,
            "PrimaryURL": "https://avd.aquasec.com/nvd/cve-2022-0563"
        },
        {
            "VulnerabilityID": "CVE-2021-45346",
            "Target": "python:3.9-slim (debian 12.9)",
            "PkgName": "libsqlite3-0",
            "InstalledVersion": "3.40.1-2+deb12u1",
            "Severity": "LOW",
            "Title": "sqlite: crafted SQL query allows a malicious user to obtain sensitive information",
            "Description": "A Memory Leak vulnerability exists in SQLite Project SQLite3 3.35.1 and 3.37.0 via maliciously crafted SQL Queries (made via editing the Database File...",
            "Status": "affected",
            "CVSS": 4.3,
            "PrimaryURL": "https://avd.aquasec.com/nvd/cve-2021-45346"
        },
        {
            "VulnerabilityID": "CVE-2022-27943",
            "Target": "python:3.9-slim (debian 12.9)",
            "PkgName": "libstdc++6",
            "InstalledVersion": "12.2.0-14",
            "Severity": "LOW",
            "Title": "binutils: libiberty/rust-demangle.c in GNU GCC 11.2 allows stack exhaustion in demangle_const",
            "Description": "libiberty/rust-demangle.c in GNU GCC 11.2 allows stack consumption in demangle_const, as demonstrated by nm-new.",
            "Status": "affected",
            "CVSS": 5.5,
            "PrimaryURL": "https://avd.aquasec.com/nvd/cve-2022-27943"
        },
        {
            "VulnerabilityID": "CVE-2023-4039",
            "Target": "python:3.9-slim (debian 12.9)",
            "PkgName": "libstdc++6",
            "InstalledVersion": "12.2.0-14",
            "Severity": "LOW",
            "Title": "gcc: -fstack-protector fails to guard dynamic stack allocations on ARM64",
            "Description": "**DISPUTED**A failure in the -fstack-protector feature in GCC-based toolchains \nthat target AArch64 allows an attacker to exploit an existing buffer \n...",
            "Status": "affected",
            "CVSS": 4.8,
            "PrimaryURL": "https://avd.aquasec.com/nvd/cve-2023-4039"
        },
        {
            "VulnerabilityID": "CVE-2013-4392",
            "Target": "python:3.9-slim (debian 12.9)",
            "PkgName": "libsystemd0",
            "InstalledVersion": "252.33-1~deb12u1",
            "Severity": "LOW",
            "Title": "systemd: TOCTOU race condition when updating file permissions and SELinux security contexts",
            "Description": "systemd, when updating file permissions, allows local users to change the permissions and SELinux security contexts for arbitrary files via a symlink ...",
            "Status": "affected",
            "CVSS": null,
            "PrimaryURL": "https://avd.aquasec.com/nvd/cve-2013-4392"
        },
        {
            "VulnerabilityID": "CVE-2023-31437",
            "Target": "python:3.9-slim (debian 12.9)",
            "PkgName": "libsystemd0",
            "InstalledVersion": "252.33-1~deb12u1",
            "Severity": "LOW",
            "Title": "An issue was discovered in systemd 253. An attacker can modify a seale ...",
            "Description": "An issue was discovered in systemd 253. An attacker can modify a sealed log file such that, in some views, not all existing and sealed log messages ar...",
            "Status": "affected",
            "CVSS": 5.3,
            "PrimaryURL": "https://avd.aquasec.com/nvd/cve-2023-31437"
        },
        {
            "VulnerabilityID": "CVE-2023-31438",
            "Target": "python:3.9-slim (debian 12.9)",
            "PkgName": "libsystemd0",
            "InstalledVersion": "252.33-1~deb12u1",
            "Severity": "LOW",
            "Title": "An issue was discovered in systemd 253. An attacker can truncate a sea ...",
            "Description": "An issue was discovered in systemd 253. An attacker can truncate a sealed log file and then resume log sealing such that checking the integrity shows ...",
            "Status": "affected",
            "CVSS": 5.3,
            "PrimaryURL": "https://avd.aquasec.com/nvd/cve-2023-31438"
        },
        {
            "VulnerabilityID": "CVE-2023-31439",
            "Target": "python:3.9-slim (debian 12.9)",
            "PkgName": "libsystemd0",
            "InstalledVersion": "252.33-1~deb12u1",
            "Severity": "LOW",
            "Title": "An issue was discovered in systemd 253. An attacker can modify the con ...",
            "Description": "An issue was discovered in systemd 253. An attacker can modify the contents of past events in a sealed log file and then adjust the file such that che...",
            "Status": "affected",
            "CVSS": 5.3,
            "PrimaryURL": "https://avd.aquasec.com/nvd/cve-2023-31439"
        },
        {
            "VulnerabilityID": "CVE-2013-4392",
            "Target": "python:3.9-slim (debian 12.9)",
            "PkgName": "libudev1",
            "InstalledVersion": "252.33-1~deb12u1",
            "Severity": "LOW",
            "Title": "systemd: TOCTOU race condition when updating file permissions and SELinux security contexts",
            "Description": "systemd, when updating file permissions, allows local users to change the permissions and SELinux security contexts for arbitrary files via a symlink ...",
            "Status": "affected",
            "CVSS": null,
            "PrimaryURL": "https://avd.aquasec.com/nvd/cve-2013-4392"
        },
        {
            "VulnerabilityID": "CVE-2023-31437",
            "Target": "python:3.9-slim (debian 12.9)",
            "PkgName": "libudev1",
            "InstalledVersion": "252.33-1~deb12u1",
            "Severity": "LOW",
            "Title": "An issue was discovered in systemd 253. An attacker can modify a seale ...",
            "Description": "An issue was discovered in systemd 253. An attacker can modify a sealed log file such that, in some views, not all existing and sealed log messages ar...",
            "Status": "affected",
            "CVSS": 5.3,
            "PrimaryURL": "https://avd.aquasec.com/nvd/cve-2023-31437"
        },
        {
            "VulnerabilityID": "CVE-2023-31438",
            "Target": "python:3.9-slim (debian 12.9)",
            "PkgName": "libudev1",
            "InstalledVersion": "252.33-1~deb12u1",
            "Severity": "LOW",
            "Title": "An issue was discovered in systemd 253. An attacker can truncate a sea ...",
            "Description": "An issue was discovered in systemd 253. An attacker can truncate a sealed log file and then resume log sealing such that checking the integrity shows ...",
            "Status": "affected",
            "CVSS": 5.3,
            "PrimaryURL": "https://avd.aquasec.com/nvd/cve-2023-31438"
        },
        {
            "VulnerabilityID": "CVE-2023-31439",
            "Target": "python:3.9-slim (debian 12.9)",
            "PkgName": "libudev1",
            "InstalledVersion": "252.33-1~deb12u1",
            "Severity": "LOW",
            "Title": "An issue was discovered in systemd 253. An attacker can modify the con ...",
            "Description": "An issue was discovered in systemd 253. An attacker can modify the contents of past events in a sealed log file and then adjust the file such that che...",
            "Status": "affected",
            "CVSS": 5.3,
            "PrimaryURL": "https://avd.aquasec.com/nvd/cve-2023-31439"
        },
        {
            "VulnerabilityID": "CVE-2022-0563",
            "Target": "python:3.9-slim (debian 12.9)",
            "PkgName": "libuuid1",
            "InstalledVersion": "2.38.1-5+deb12u3",
            "Severity": "LOW",
            "Title": "util-linux: partial disclosure of arbitrary files in chfn and chsh when compiled with libreadline",
            "Description": "A flaw was found in the util-linux chfn and chsh utilities when compiled with Readline support. The Readline library uses an \"INPUTRC\" environment var...",
            "Status": "affected",
            "CVSS": 5.5,
            "PrimaryURL": "https://avd.aquasec.com/nvd/cve-2022-0563"
        },
        {
            "VulnerabilityID": "CVE-2007-5686",
            "Target": "python:3.9-slim (debian 12.9)",
            "PkgName": "login",
            "InstalledVersion": "1:4.13+dfsg1-1+b1",
            "Severity": "LOW",
            "Title": "initscripts in rPath Linux 1 sets insecure permissions for the /var/lo ...",
            "Description": "initscripts in rPath Linux 1 sets insecure permissions for the /var/log/btmp file, which allows local users to obtain sensitive information regarding ...",
            "Status": "affected",
            "CVSS": null,
            "PrimaryURL": "https://avd.aquasec.com/nvd/cve-2007-5686"
        },
        {
            "VulnerabilityID": "CVE-2023-29383",
            "Target": "python:3.9-slim (debian 12.9)",
            "PkgName": "login",
            "InstalledVersion": "1:4.13+dfsg1-1+b1",
            "Severity": "LOW",
            "Title": "shadow: Improper input validation in shadow-utils package utility chfn",
            "Description": "In Shadow 4.13, it is possible to inject control characters into fields provided to the SUID program chfn (change finger). Although it is not possible...",
            "Status": "affected",
            "CVSS": 3.3,
            "PrimaryURL": "https://avd.aquasec.com/nvd/cve-2023-29383"
        },
        {
            "VulnerabilityID": "CVE-2024-56433",
            "Target": "python:3.9-slim (debian 12.9)",
            "PkgName": "login",
            "InstalledVersion": "1:4.13+dfsg1-1+b1",
            "Severity": "LOW",
            "Title": "shadow-utils: Default subordinate ID configuration in /etc/login.defs could lead to compromise",
            "Description": "shadow-utils (aka shadow) 4.4 through 4.17.0 establishes a default /etc/subuid behavior (e.g., uid 100000 through 165535 for the first user account) t...",
            "Status": "affected",
            "CVSS": null,
            "PrimaryURL": "https://avd.aquasec.com/nvd/cve-2024-56433"
        },
        {
            "VulnerabilityID": "TEMP-0628843-DBAD28",
            "Target": "python:3.9-slim (debian 12.9)",
            "PkgName": "login",
            "InstalledVersion": "1:4.13+dfsg1-1+b1",
            "Severity": "LOW",
            "Title": "[more related to CVE-2005-4890]",
            "Description": "",
            "Status": "affected",
            "CVSS": null,
            "PrimaryURL": "https://security-tracker.debian.org/tracker/TEMP-0628843-DBAD28"
        },
        {
            "VulnerabilityID": "CVE-2022-0563",
            "Target": "python:3.9-slim (debian 12.9)",
            "PkgName": "mount",
            "InstalledVersion": "2.38.1-5+deb12u3",
            "Severity": "LOW",
            "Title": "util-linux: partial disclosure of arbitrary files in chfn and chsh when compiled with libreadline",
            "Description": "A flaw was found in the util-linux chfn and chsh utilities when compiled with Readline support. The Readline library uses an \"INPUTRC\" environment var...",
            "Status": "affected",
            "CVSS": 5.5,
            "PrimaryURL": "https://avd.aquasec.com/nvd/cve-2022-0563"
        },
        {
            "VulnerabilityID": "CVE-2007-5686",
            "Target": "python:3.9-slim (debian 12.9)",
            "PkgName": "passwd",
            "InstalledVersion": "1:4.13+dfsg1-1+b1",
            "Severity": "LOW",
            "Title": "initscripts in rPath Linux 1 sets insecure permissions for the /var/lo ...",
            "Description": "initscripts in rPath Linux 1 sets insecure permissions for the /var/log/btmp file, which allows local users to obtain sensitive information regarding ...",
            "Status": "affected",
            "CVSS": null,
            "PrimaryURL": "https://avd.aquasec.com/nvd/cve-2007-5686"
        },
        {
            "VulnerabilityID": "CVE-2023-29383",
            "Target": "python:3.9-slim (debian 12.9)",
            "PkgName": "passwd",
            "InstalledVersion": "1:4.13+dfsg1-1+b1",
            "Severity": "LOW",
            "Title": "shadow: Improper input validation in shadow-utils package utility chfn",
            "Description": "In Shadow 4.13, it is possible to inject control characters into fields provided to the SUID program chfn (change finger). Although it is not possible...",
            "Status": "affected",
            "CVSS": 3.3,
            "PrimaryURL": "https://avd.aquasec.com/nvd/cve-2023-29383"
        },
        {
            "VulnerabilityID": "CVE-2024-56433",
            "Target": "python:3.9-slim (debian 12.9)",
            "PkgName": "passwd",
            "InstalledVersion": "1:4.13+dfsg1-1+b1",
            "Severity": "LOW",
            "Title": "shadow-utils: Default subordinate ID configuration in /etc/login.defs could lead to compromise",
            "Description": "shadow-utils (aka shadow) 4.4 through 4.17.0 establishes a default /etc/subuid behavior (e.g., uid 100000 through 165535 for the first user account) t...",
            "Status": "affected",
            "CVSS": null,
            "PrimaryURL": "https://avd.aquasec.com/nvd/cve-2024-56433"
        },
        {
            "VulnerabilityID": "TEMP-0628843-DBAD28",
            "Target": "python:3.9-slim (debian 12.9)",
            "PkgName": "passwd",
            "InstalledVersion": "1:4.13+dfsg1-1+b1",
            "Severity": "LOW",
            "Title": "[more related to CVE-2005-4890]",
            "Description": "",
            "Status": "affected",
            "CVSS": null,
            "PrimaryURL": "https://security-tracker.debian.org/tracker/TEMP-0628843-DBAD28"
        },
        {
            "VulnerabilityID": "CVE-2023-31484",
            "Target": "python:3.9-slim (debian 12.9)",
            "PkgName": "perl-base",
            "InstalledVersion": "5.36.0-7+deb12u1",
            "Severity": "HIGH",
            "Title": "perl: CPAN.pm does not verify TLS certificates when downloading distributions over HTTPS",
            "Description": "CPAN.pm before 2.35 does not verify TLS certificates when downloading distributions over HTTPS.",
            "Status": "affected",
            "CVSS": 8.1,
            "PrimaryURL": "https://avd.aquasec.com/nvd/cve-2023-31484"
        },
        {
            "VulnerabilityID": "CVE-2011-4116",
            "Target": "python:3.9-slim (debian 12.9)",
            "PkgName": "perl-base",
            "InstalledVersion": "5.36.0-7+deb12u1",
            "Severity": "LOW",
            "Title": "perl: File:: Temp insecure temporary file handling",
            "Description": "_is_safe in the File::Temp module for Perl does not properly handle symlinks.",
            "Status": "affected",
            "CVSS": 7.5,
            "PrimaryURL": "https://avd.aquasec.com/nvd/cve-2011-4116"
        },
        {
            "VulnerabilityID": "CVE-2023-31486",
            "Target": "python:3.9-slim (debian 12.9)",
            "PkgName": "perl-base",
            "InstalledVersion": "5.36.0-7+deb12u1",
            "Severity": "LOW",
            "Title": "http-tiny: insecure TLS cert default",
            "Description": "HTTP::Tiny before 0.083, a Perl core module since 5.13.9 and available standalone on CPAN, has an insecure default TLS configuration where users must ...",
            "Status": "affected",
            "CVSS": 8.1,
            "PrimaryURL": "https://avd.aquasec.com/nvd/cve-2023-31486"
        },
        {
            "VulnerabilityID": "TEMP-0517018-A83CE6",
            "Target": "python:3.9-slim (debian 12.9)",
            "PkgName": "sysvinit-utils",
            "InstalledVersion": "3.06-4",
            "Severity": "LOW",
            "Title": "[sysvinit: no-root option in expert installer exposes locally exploitable security flaw]",
            "Description": "",
            "Status": "affected",
            "CVSS": null,
            "PrimaryURL": "https://security-tracker.debian.org/tracker/TEMP-0517018-A83CE6"
        },
        {
            "VulnerabilityID": "CVE-2005-2541",
            "Target": "python:3.9-slim (debian 12.9)",
            "PkgName": "tar",
            "InstalledVersion": "1.34+dfsg-1.2+deb12u1",
            "Severity": "LOW",
            "Title": "tar: does not properly warn the user when extracting setuid or setgid files",
            "Description": "Tar 1.15.1 does not properly warn the user when extracting setuid or setgid files, which may allow local users or remote attackers to gain privileges.",
            "Status": "affected",
            "CVSS": null,
            "PrimaryURL": "https://avd.aquasec.com/nvd/cve-2005-2541"
        },
        {
            "VulnerabilityID": "TEMP-0290435-0B57B5",
            "Target": "python:3.9-slim (debian 12.9)",
            "PkgName": "tar",
            "InstalledVersion": "1.34+dfsg-1.2+deb12u1",
            "Severity": "LOW",
            "Title": "[tar's rmt command may have undesired side effects]",
            "Description": "",
            "Status": "affected",
            "CVSS": null,
            "PrimaryURL": "https://security-tracker.debian.org/tracker/TEMP-0290435-0B57B5"
        },
        {
            "VulnerabilityID": "CVE-2022-0563",
            "Target": "python:3.9-slim (debian 12.9)",
            "PkgName": "util-linux",
            "InstalledVersion": "2.38.1-5+deb12u3",
            "Severity": "LOW",
            "Title": "util-linux: partial disclosure of arbitrary files in chfn and chsh when compiled with libreadline",
            "Description": "A flaw was found in the util-linux chfn and chsh utilities when compiled with Readline support. The Readline library uses an \"INPUTRC\" environment var...",
            "Status": "affected",
            "CVSS": 5.5,
            "PrimaryURL": "https://avd.aquasec.com/nvd/cve-2022-0563"
        },
        {
            "VulnerabilityID": "CVE-2022-0563",
            "Target": "python:3.9-slim (debian 12.9)",
            "PkgName": "util-linux-extra",
            "InstalledVersion": "2.38.1-5+deb12u3",
            "Severity": "LOW",
            "Title": "util-linux: partial disclosure of arbitrary files in chfn and chsh when compiled with libreadline",
            "Description": "A flaw was found in the util-linux chfn and chsh utilities when compiled with Readline support. The Readline library uses an \"INPUTRC\" environment var...",
            "Status": "affected",
            "CVSS": 5.5,
            "PrimaryURL": "https://avd.aquasec.com/nvd/cve-2022-0563"
        },
        {
            "VulnerabilityID": "CVE-2023-45853",
            "Target": "python:3.9-slim (debian 12.9)",
            "PkgName": "zlib1g",
            "InstalledVersion": "1:1.2.13.dfsg-1",
            "Severity": "CRITICAL",
            "Title": "zlib: integer overflow and resultant heap-based buffer overflow in zipOpenNewFileInZip4_6",
            "Description": "MiniZip in zlib through 1.3 has an integer overflow and resultant heap-based buffer overflow in zipOpenNewFileInZip4_64 via a long filename, comment, ...",
            "Status": "will_not_fix",
            "CVSS": 9.8,
            "PrimaryURL": "https://avd.aquasec.com/nvd/cve-2023-45853"
        },
        {
            "VulnerabilityID": "CVE-2022-40897",
            "Target": "Python",
            "PkgName": "setuptools",
            "InstalledVersion": "58.1.0",
            "Severity": "HIGH",
            "Title": "pypa-setuptools: Regular Expression Denial of Service (ReDoS) in package_index.py",
            "Description": "Python Packaging Authority (PyPA) setuptools before 65.5.1 allows remote attackers to cause a denial of service via HTML in a crafted package or custo...",
            "Status": "fixed",
            "CVSS": 5.9,
            "PrimaryURL": "https://avd.aquasec.com/nvd/cve-2022-40897"
        },
        {
            "VulnerabilityID": "CVE-2024-6345",
            "Target": "Python",
            "PkgName": "setuptools",
            "InstalledVersion": "58.1.0",
            "Severity": "HIGH",
            "Title": "pypa/setuptools: Remote code execution via download functions in the package_index module in pypa/setuptools",
            "Description": "A vulnerability in the package_index module of pypa/setuptools versions up to 69.1.1 allows for remote code execution via its download functions. Thes...",
            "Status": "fixed",
            "CVSS": null,
            "PrimaryURL": "https://avd.aquasec.com/nvd/cve-2024-6345"
        }
    ]
}